INSERT INTO SWS_SYS_FN (CD, NM, PCD, URL, ORD, STS, ICN, PGFN) VALUES ('IMS01', '首页', NULL, '/ims/home.do?_clear=true&wrp=RSR', 1, 'A', 'fa fa-home', 'N');

INSERT INTO SWS_SYS_FN (CD, NM, PCD, URL, ORD, STS, ICN, PGFN) VALUES ('IMS02', '巡检计划', NULL, '/ims/program.do?_clear=true', 2, 'A', 'fa fa-tasks', 'N');

INSERT INTO SWS_SYS_FN (CD, NM, PCD, URL, ORD, STS, ICN, PGFN) VALUES ('IMS03', '考核记录', NULL, '/ims/attendance.do?_clear=true', 3, 'A', 'fa fa-calendar', 'N');

INSERT INTO SWS_SYS_FN (CD, NM, PCD, URL, ORD, STS, ICN, PGFN) VALUES ('IMS04', '问题管理', NULL, '/ims/issue.do?_clear=true', 4, 'A', 'fa fa-newspaper-o', 'N');

INSERT INTO SWS_SYS_FN (CD, NM, PCD, URL, ORD, STS, ICN, PGFN) VALUES ('IMS05', '系统管理', NULL, NULL, 5, 'A', 'fa fa-cog', 'N');

INSERT INTO SWS_SYS_FN (CD, NM, PCD, URL, ORD, STS, ICN, PGFN) VALUES ('IMS0501', '水库信息', 'IMS05', '/wrp/rsr/list.do?_clear=true', 1, 'A', NULL, 'N');

INSERT INTO SWS_SYS_FN (CD, NM, PCD, URL, ORD, STS, ICN, PGFN) VALUES ('IMS0502', '用户信息', 'IMS05', '/priv/user/list.do?_clear=true', 2, 'A', NULL, 'N');

INSERT INTO SWS_SYS_FN (CD, NM, PCD, URL, ORD, STS, ICN, PGFN) VALUES ('IMS0503', '消息管理', 'IMS05', '/ims/message.do?_clear=true', 3, 'A', NULL, 'N');

-- 页面功能

INSERT INTO SWS_SYS_FN (CD, NM, PCD, URL, ORD, STS, ICN, PGFN) VALUES ('IMS000001', '关闭问题', 'IMS04', '/ims/issue/list.do', 0, 'A', NULL, 'Y');

INSERT INTO SWS_SYS_FN (CD, NM, PCD, URL, ORD, STS, ICN, PGFN) VALUES ('IMS000002', '问题上报', 'IMS04', '/ims/issue/list.do', 0, 'A', NULL, 'Y');

INSERT INTO SWS_SYS_FN (CD, NM, PCD, URL, ORD, STS, ICN, PGFN) VALUES ('IMS000003', '制定解决方案', 'IMS04', '/ims/issue/list.do', 0, 'A', NULL, 'Y');

INSERT INTO SWS_SYS_FN (CD, NM, PCD, URL, ORD, STS, ICN, PGFN) VALUES ('IMS000004', '查看处理流程', 'IMS04', '/ims/issue/list.do', 0, 'A', NULL, 'Y');

INSERT INTO SWS_SYS_FN (CD, NM, PCD, URL, ORD, STS, ICN, PGFN) VALUES ('IMS000005', '修改计划', 'IMS02', '/program/wrp/list.do', 0, 'A', NULL, 'Y');

INSERT INTO SWS_SYS_FN (CD, NM, PCD, URL, ORD, STS, ICN, PGFN) VALUES ('IMS000006', '添加水库', 'IMS0501', '/wrp/rsr/list.do', 0, 'A', NULL, 'Y');

INSERT INTO SWS_SYS_FN (CD, NM, PCD, URL, ORD, STS, ICN, PGFN) VALUES ('IMS000007', '添加用户', 'IMS0502', '/priv/user/list.do', 0, 'A', NULL, 'Y');

INSERT INTO SWS_SYS_FN (CD, NM, PCD, URL, ORD, STS, ICN, PGFN) VALUES ('IMS000008', '发送消息', 'IMS0503', '/ims/message/list.do', 0, 'A', NULL, 'Y');


-- 角色
INSERT INTO SWS_SYS_RLE (CD, NM, STS, LMT) VALUES ('R001', '管理员', 'A', CURRENT_TIMESTAMP);
INSERT INTO SWS_SYS_RLE (CD, NM, STS, LMT) VALUES ('R002', '市局领导', 'A', CURRENT_TIMESTAMP);
INSERT INTO SWS_SYS_RLE (CD, NM, STS, LMT) VALUES ('R003', '区县领导', 'A', CURRENT_TIMESTAMP);
INSERT INTO SWS_SYS_RLE (CD, NM, STS, LMT) VALUES ('R004', '水库所长', 'A', CURRENT_TIMESTAMP);
INSERT INTO SWS_SYS_RLE (CD, NM, STS, LMT) VALUES ('R005', '巡检员', 'A', CURRENT_TIMESTAMP);

-- 角色功能
INSERT INTO SWS_SYS_RLEFN (RLECD, FNCD, LMT) VALUES ('R001', 'IMS05', CURRENT_TIMESTAMP);
INSERT INTO SWS_SYS_RLEFN (RLECD, FNCD, LMT) VALUES ('R001', 'IMS0502', CURRENT_TIMESTAMP);

INSERT INTO SWS_SYS_RLEFN (RLECD, FNCD, LMT) VALUES ('R002', 'IMS01', CURRENT_TIMESTAMP);
INSERT INTO SWS_SYS_RLEFN (RLECD, FNCD, LMT) VALUES ('R002', 'IMS02', CURRENT_TIMESTAMP);
INSERT INTO SWS_SYS_RLEFN (RLECD, FNCD, LMT) VALUES ('R002', 'IMS03', CURRENT_TIMESTAMP);
INSERT INTO SWS_SYS_RLEFN (RLECD, FNCD, LMT) VALUES ('R002', 'IMS04', CURRENT_TIMESTAMP);

INSERT INTO SWS_SYS_RLEFN (RLECD, FNCD, LMT) VALUES ('R003', 'IMS01', CURRENT_TIMESTAMP);
INSERT INTO SWS_SYS_RLEFN (RLECD, FNCD, LMT) VALUES ('R003', 'IMS02', CURRENT_TIMESTAMP);
INSERT INTO SWS_SYS_RLEFN (RLECD, FNCD, LMT) VALUES ('R003', 'IMS03', CURRENT_TIMESTAMP);
INSERT INTO SWS_SYS_RLEFN (RLECD, FNCD, LMT) VALUES ('R003', 'IMS04', CURRENT_TIMESTAMP);

INSERT INTO SWS_SYS_RLEFN (RLECD, FNCD, LMT) VALUES ('R004', 'IMS01', CURRENT_TIMESTAMP);
INSERT INTO SWS_SYS_RLEFN (RLECD, FNCD, LMT) VALUES ('R004', 'IMS02', CURRENT_TIMESTAMP);
INSERT INTO SWS_SYS_RLEFN (RLECD, FNCD, LMT) VALUES ('R004', 'IMS03', CURRENT_TIMESTAMP);
INSERT INTO SWS_SYS_RLEFN (RLECD, FNCD, LMT) VALUES ('R004', 'IMS04', CURRENT_TIMESTAMP);
INSERT INTO SWS_SYS_RLEFN (RLECD, FNCD, LMT) VALUES ('R004', 'IMS05', CURRENT_TIMESTAMP);
INSERT INTO SWS_SYS_RLEFN (RLECD, FNCD, LMT) VALUES ('R004', 'IMS0501', CURRENT_TIMESTAMP);
INSERT INTO SWS_SYS_RLEFN (RLECD, FNCD, LMT) VALUES ('R004', 'IMS0503', CURRENT_TIMESTAMP);
INSERT INTO SWS_SYS_RLEFN (RLECD, FNCD, LMT) VALUES ('R004', 'IMS000001', CURRENT_TIMESTAMP);
INSERT INTO SWS_SYS_RLEFN (RLECD, FNCD, LMT) VALUES ('R004', 'IMS000002', CURRENT_TIMESTAMP);
INSERT INTO SWS_SYS_RLEFN (RLECD, FNCD, LMT) VALUES ('R004', 'IMS000003', CURRENT_TIMESTAMP);
INSERT INTO SWS_SYS_RLEFN (RLECD, FNCD, LMT) VALUES ('R004', 'IMS000004', CURRENT_TIMESTAMP);
INSERT INTO SWS_SYS_RLEFN (RLECD, FNCD, LMT) VALUES ('R004', 'IMS000005', CURRENT_TIMESTAMP);
INSERT INTO SWS_SYS_RLEFN (RLECD, FNCD, LMT) VALUES ('R004', 'IMS000008', CURRENT_TIMESTAMP);

-- 权限实体
INSERT INTO SWS_SYS_PRVENT (CD, DESCR, SQLTPL) VALUES ('USR', '用户', 
'select cd from sws_sys_usr where addvcd like ''${addvcd}%''');
INSERT INTO SWS_SYS_PRVENT (CD, DESCR, SQLTPL) VALUES ('ORG', '机构', '');
INSERT INTO SWS_SYS_PRVENT (CD, DESCR, SQLTPL) VALUES ('EMP', '职员', '');
INSERT INTO SWS_SYS_PRVENT (CD, DESCR, SQLTPL) VALUES ('RSR0', '水库', 
'
select rscd from wrp_rsr_bsin where addvcd like ''${addvcd}%''
');
INSERT INTO SWS_SYS_PRVENT (CD, DESCR, SQLTPL) VALUES ('RSR1', '水库', 
'
select wrpcd from sws_sys_usrwrp where usrcd = ''${usrcd}'' and wrp = ''RSR''
');
INSERT INTO SWS_SYS_PRVENT (CD, DESCR, SQLTPL) VALUES ('LEV', '堤防', '');

INSERT INTO SWS_SYS_RLEPRVENT (RLECD, PRVENTCD, LMT) VALUES ('R002', 'RSR0', CURRENT_TIMESTAMP);
INSERT INTO SWS_SYS_RLEPRVENT (RLECD, PRVENTCD, LMT) VALUES ('R002', 'USR', CURRENT_TIMESTAMP);
INSERT INTO SWS_SYS_RLEPRVENT (RLECD, PRVENTCD, LMT) VALUES ('R003', 'RSR0', CURRENT_TIMESTAMP);
INSERT INTO SWS_SYS_RLEPRVENT (RLECD, PRVENTCD, LMT) VALUES ('R004', 'RSR1', CURRENT_TIMESTAMP);
INSERT INTO SWS_SYS_RLEPRVENT (RLECD, PRVENTCD, LMT) VALUES ('R005', 'RSR1', CURRENT_TIMESTAMP);
