INSERT INTO SWS_SYS_USR (CD, ACCNM, PWD, USRNM, ADDVCD, EMPCD, ORGNM, LMT, TP, STS) VALUES (N'U50000000001', N'sysadmin', N'202CB962AC59075B964B07152D234B70', N'系统管理员', N'50', null, N'系统技术支持单位', N'2016-08-27 14:10:34.473', N'A', N'A')

INSERT INTO SWS_SYS_USR (CD, ACCNM, PWD, USRNM, ADDVCD, EMPCD, ORGNM, LMT, TP, STS) VALUES (N'U50000000002', N'市局领导', N'2FFB006A54D46E003D8388046725F223', N'市局领导', N'50', null, N'重庆研究所', N'2016-08-27 15:18:49.997', N'M', N'A')

INSERT INTO SWS_SYS_USR (CD, ACCNM, PWD, USRNM, ADDVCD, EMPCD, ORGNM, LMT, TP, STS) VALUES (N'U50010100001', N'郭军', N'202CB962AC59075B964B07152D234B70', N'郭军', N'500101', null, N'龙桥水库管理所', N'2016-08-27 14:10:34.467', N'A', N'A')

INSERT INTO SWS_SYS_USR (CD, ACCNM, PWD, USRNM, ADDVCD, EMPCD, ORGNM, LMT, TP, STS) VALUES (N'U50010100002', N'sa', N'E10ADC3949BA59ABBE56E057F20F883E', N'郭军', N'500101', null, N'龙桥水库管理所', N'2016-08-27 14:10:34.467', N'A', N'A')

INSERT INTO SWS_SYS_USR (CD, ACCNM, PWD, USRNM, ADDVCD, EMPCD, ORGNM, LMT, TP, STS) VALUES (N'U50010200001', N'余东洋', N'202CB962AC59075B964B07152D234B70', N'余东洋', N'500102', null, N'五一水库管理所', N'2016-08-27 14:10:34.470', N'A', N'A')

INSERT INTO SWS_SYS_USR (CD, ACCNM, PWD, USRNM, ADDVCD, EMPCD, ORGNM, LMT, TP, STS) VALUES (N'U50010200002', N'姚金海', N'202CB962AC59075B964B07152D234B70', N'姚金海', N'500103', null, N'渝中区水务局', N'2016-08-27 14:10:34.470', N'A', N'A')

INSERT INTO SWS_SYS_USR (CD, ACCNM, PWD, USRNM, ADDVCD, EMPCD, ORGNM, LMT, TP, STS) VALUES (N'U50010200003', N'涪陵区领导', N'2FFB006A54D46E003D8388046725F223', N'涪陵区领导', N'500102', null, N'重庆研究所', N'2016-08-27 17:29:34.100', N'M', N'A')

INSERT INTO SWS_SYS_USR (CD, ACCNM, PWD, USRNM, ADDVCD, EMPCD, ORGNM, LMT, TP, STS) VALUES (N'U50010400001', N'田桂银', N'202CB962AC59075B964B07152D234B70', N'田桂银', N'500104', null, N'大渡口水务局', N'2016-08-27 14:10:34.470', N'A', N'A')

INSERT INTO SWS_SYS_USR (CD, ACCNM, PWD, USRNM, ADDVCD, EMPCD, ORGNM, LMT, TP, STS) VALUES (N'U50010500001', N'叶方宇', N'202CB962AC59075B964B07152D234B70', N'叶方宇', N'500105', null, N'江北区水务局', N'2016-08-27 14:10:34.473', N'A', N'A')

INSERT INTO SWS_SYS_USRWRP (WRP, WRPCD, USRCD, LMT) VALUES (N'RSR', N'50010240002', N'U50010200001', N'2016-08-27 15:18:45.753')

INSERT INTO SWS_SYS_USRWRP (WRP, WRPCD, USRCD, LMT) VALUES (N'RSR', N'50010240002', N'U50010100001', N'2016-08-27 17:47:00.520')


INSERT INTO SWS_SYS_USRFN (USRCD, FNCD, LMT, NT) VALUES (N'U50000000001', N'IMS05', N'2016-08-27 14:10:34.483', null)

INSERT INTO SWS_SYS_USRFN (USRCD, FNCD, LMT, NT) VALUES (N'U50000000001', N'IMS0502', N'2016-08-27 14:10:34.483', null)

INSERT INTO SWS_SYS_USRFN (USRCD, FNCD, LMT, NT) VALUES (N'U50000000002', N'IMS000001', N'2016-08-27 15:18:50.000', null)

INSERT INTO SWS_SYS_USRFN (USRCD, FNCD, LMT, NT) VALUES (N'U50000000002', N'IMS000002', N'2016-08-27 15:18:50.000', null)

INSERT INTO SWS_SYS_USRFN (USRCD, FNCD, LMT, NT) VALUES (N'U50000000002', N'IMS000003', N'2016-08-27 15:18:50.000', null)

INSERT INTO SWS_SYS_USRFN (USRCD, FNCD, LMT, NT) VALUES (N'U50000000002', N'IMS000004', N'2016-08-27 15:18:50.000', null)

INSERT INTO SWS_SYS_USRFN (USRCD, FNCD, LMT, NT) VALUES (N'U50000000002', N'IMS000005', N'2016-08-27 15:18:50.000', null)

INSERT INTO SWS_SYS_USRFN (USRCD, FNCD, LMT, NT) VALUES (N'U50000000002', N'IMS000008', N'2016-08-27 15:18:50.000', null)

INSERT INTO SWS_SYS_USRFN (USRCD, FNCD, LMT, NT) VALUES (N'U50000000002', N'IMS01', N'2016-08-27 15:18:50.000', null)

INSERT INTO SWS_SYS_USRFN (USRCD, FNCD, LMT, NT) VALUES (N'U50000000002', N'IMS02', N'2016-08-27 15:18:50.000', null)

INSERT INTO SWS_SYS_USRFN (USRCD, FNCD, LMT, NT) VALUES (N'U50000000002', N'IMS03', N'2016-08-27 15:18:50.000', null)

INSERT INTO SWS_SYS_USRFN (USRCD, FNCD, LMT, NT) VALUES (N'U50000000002', N'IMS04', N'2016-08-27 15:18:50.000', null)

INSERT INTO SWS_SYS_USRFN (USRCD, FNCD, LMT, NT) VALUES (N'U50000000002', N'IMS05', N'2016-08-27 15:18:50.000', null)

INSERT INTO SWS_SYS_USRFN (USRCD, FNCD, LMT, NT) VALUES (N'U50000000002', N'IMS0501', N'2016-08-27 15:18:50.000', null)

INSERT INTO SWS_SYS_USRFN (USRCD, FNCD, LMT, NT) VALUES (N'U50000000002', N'IMS0503', N'2016-08-27 15:18:50.000', null)

INSERT INTO SWS_SYS_USRFN (USRCD, FNCD, LMT, NT) VALUES (N'U50010100001', N'IMS000001', N'2016-08-27 14:10:34.483', null)

INSERT INTO SWS_SYS_USRFN (USRCD, FNCD, LMT, NT) VALUES (N'U50010100001', N'IMS000002', N'2016-08-27 14:10:34.483', null)

INSERT INTO SWS_SYS_USRFN (USRCD, FNCD, LMT, NT) VALUES (N'U50010100001', N'IMS000003', N'2016-08-27 14:10:34.483', null)

INSERT INTO SWS_SYS_USRFN (USRCD, FNCD, LMT, NT) VALUES (N'U50010100001', N'IMS000004', N'2016-08-27 14:10:34.483', null)

INSERT INTO SWS_SYS_USRFN (USRCD, FNCD, LMT, NT) VALUES (N'U50010100001', N'IMS000005', N'2016-08-27 14:10:34.483', null)

INSERT INTO SWS_SYS_USRFN (USRCD, FNCD, LMT, NT) VALUES (N'U50010100001', N'IMS000008', N'2016-08-27 14:10:34.483', null)

INSERT INTO SWS_SYS_USRFN (USRCD, FNCD, LMT, NT) VALUES (N'U50010100001', N'IMS01', N'2016-08-27 14:10:34.483', null)

INSERT INTO SWS_SYS_USRFN (USRCD, FNCD, LMT, NT) VALUES (N'U50010100001', N'IMS02', N'2016-08-27 14:10:34.483', null)

INSERT INTO SWS_SYS_USRFN (USRCD, FNCD, LMT, NT) VALUES (N'U50010100001', N'IMS03', N'2016-08-27 14:10:34.483', null)

INSERT INTO SWS_SYS_USRFN (USRCD, FNCD, LMT, NT) VALUES (N'U50010100001', N'IMS04', N'2016-08-27 14:10:34.483', null)

INSERT INTO SWS_SYS_USRFN (USRCD, FNCD, LMT, NT) VALUES (N'U50010100001', N'IMS05', N'2016-08-27 14:10:34.483', null)

INSERT INTO SWS_SYS_USRFN (USRCD, FNCD, LMT, NT) VALUES (N'U50010100001', N'IMS0501', N'2016-08-27 14:10:34.483', null)

INSERT INTO SWS_SYS_USRFN (USRCD, FNCD, LMT, NT) VALUES (N'U50010100001', N'IMS0503', N'2016-08-27 14:10:34.483', null)

INSERT INTO SWS_SYS_USRFN (USRCD, FNCD, LMT, NT) VALUES (N'U50010200001', N'IMS000001', N'2016-08-27 14:10:34.483', null)

INSERT INTO SWS_SYS_USRFN (USRCD, FNCD, LMT, NT) VALUES (N'U50010200001', N'IMS000002', N'2016-08-27 14:10:34.483', null)

INSERT INTO SWS_SYS_USRFN (USRCD, FNCD, LMT, NT) VALUES (N'U50010200001', N'IMS000003', N'2016-08-27 14:10:34.483', null)

INSERT INTO SWS_SYS_USRFN (USRCD, FNCD, LMT, NT) VALUES (N'U50010200001', N'IMS000004', N'2016-08-27 14:10:34.483', null)

INSERT INTO SWS_SYS_USRFN (USRCD, FNCD, LMT, NT) VALUES (N'U50010200001', N'IMS000005', N'2016-08-27 14:10:34.483', null)

INSERT INTO SWS_SYS_USRFN (USRCD, FNCD, LMT, NT) VALUES (N'U50010200001', N'IMS000008', N'2016-08-27 14:10:34.483', null)

INSERT INTO SWS_SYS_USRFN (USRCD, FNCD, LMT, NT) VALUES (N'U50010200001', N'IMS01', N'2016-08-27 14:10:34.483', null)

INSERT INTO SWS_SYS_USRFN (USRCD, FNCD, LMT, NT) VALUES (N'U50010200001', N'IMS02', N'2016-08-27 14:10:34.483', null)

INSERT INTO SWS_SYS_USRFN (USRCD, FNCD, LMT, NT) VALUES (N'U50010200001', N'IMS03', N'2016-08-27 14:10:34.483', null)

INSERT INTO SWS_SYS_USRFN (USRCD, FNCD, LMT, NT) VALUES (N'U50010200001', N'IMS04', N'2016-08-27 14:10:34.483', null)

INSERT INTO SWS_SYS_USRFN (USRCD, FNCD, LMT, NT) VALUES (N'U50010200001', N'IMS05', N'2016-08-27 14:10:34.483', null)

INSERT INTO SWS_SYS_USRFN (USRCD, FNCD, LMT, NT) VALUES (N'U50010200001', N'IMS0501', N'2016-08-27 14:10:34.483', null)

INSERT INTO SWS_SYS_USRFN (USRCD, FNCD, LMT, NT) VALUES (N'U50010200001', N'IMS0503', N'2016-08-27 14:10:34.483', null)

INSERT INTO SWS_SYS_USRFN (USRCD, FNCD, LMT, NT) VALUES (N'U50010200002', N'IMS000001', N'2016-08-27 14:11:44.313', null)

INSERT INTO SWS_SYS_USRFN (USRCD, FNCD, LMT, NT) VALUES (N'U50010200002', N'IMS000002', N'2016-08-27 14:11:44.313', null)

INSERT INTO SWS_SYS_USRFN (USRCD, FNCD, LMT, NT) VALUES (N'U50010200002', N'IMS000003', N'2016-08-27 14:11:44.313', null)

INSERT INTO SWS_SYS_USRFN (USRCD, FNCD, LMT, NT) VALUES (N'U50010200002', N'IMS000004', N'2016-08-27 14:11:44.313', null)

INSERT INTO SWS_SYS_USRFN (USRCD, FNCD, LMT, NT) VALUES (N'U50010200002', N'IMS000005', N'2016-08-27 14:11:44.313', null)

INSERT INTO SWS_SYS_USRFN (USRCD, FNCD, LMT, NT) VALUES (N'U50010200002', N'IMS000008', N'2016-08-27 14:11:44.313', null)

INSERT INTO SWS_SYS_USRFN (USRCD, FNCD, LMT, NT) VALUES (N'U50010200002', N'IMS01', N'2016-08-27 14:11:44.313', null)

INSERT INTO SWS_SYS_USRFN (USRCD, FNCD, LMT, NT) VALUES (N'U50010200002', N'IMS02', N'2016-08-27 14:11:44.313', null)

INSERT INTO SWS_SYS_USRFN (USRCD, FNCD, LMT, NT) VALUES (N'U50010200002', N'IMS03', N'2016-08-27 14:11:44.313', null)

INSERT INTO SWS_SYS_USRFN (USRCD, FNCD, LMT, NT) VALUES (N'U50010200002', N'IMS04', N'2016-08-27 14:11:44.313', null)

INSERT INTO SWS_SYS_USRFN (USRCD, FNCD, LMT, NT) VALUES (N'U50010200002', N'IMS05', N'2016-08-27 14:11:44.313', null)

INSERT INTO SWS_SYS_USRFN (USRCD, FNCD, LMT, NT) VALUES (N'U50010200002', N'IMS0501', N'2016-08-27 14:11:44.313', null)

INSERT INTO SWS_SYS_USRFN (USRCD, FNCD, LMT, NT) VALUES (N'U50010200002', N'IMS0503', N'2016-08-27 14:11:44.313', null)

INSERT INTO SWS_SYS_USRFN (USRCD, FNCD, LMT, NT) VALUES (N'U50010200003', N'IMS01', N'2016-08-27 17:29:34.263', null)

INSERT INTO SWS_SYS_USRFN (USRCD, FNCD, LMT, NT) VALUES (N'U50010200003', N'IMS02', N'2016-08-27 17:29:34.263', null)

INSERT INTO SWS_SYS_USRFN (USRCD, FNCD, LMT, NT) VALUES (N'U50010200003', N'IMS03', N'2016-08-27 17:29:34.263', null)

INSERT INTO SWS_SYS_USRFN (USRCD, FNCD, LMT, NT) VALUES (N'U50010200003', N'IMS04', N'2016-08-27 17:29:34.263', null)

INSERT INTO SWS_SYS_USRFN (USRCD, FNCD, LMT, NT) VALUES (N'U50010200004', N'IMS000001', N'2016-08-27 14:23:41.527', null)

INSERT INTO SWS_SYS_USRFN (USRCD, FNCD, LMT, NT) VALUES (N'U50010200004', N'IMS000002', N'2016-08-27 14:23:41.527', null)

INSERT INTO SWS_SYS_USRFN (USRCD, FNCD, LMT, NT) VALUES (N'U50010200004', N'IMS000003', N'2016-08-27 14:23:41.527', null)

INSERT INTO SWS_SYS_USRFN (USRCD, FNCD, LMT, NT) VALUES (N'U50010200004', N'IMS000004', N'2016-08-27 14:23:41.527', null)

INSERT INTO SWS_SYS_USRFN (USRCD, FNCD, LMT, NT) VALUES (N'U50010200004', N'IMS000005', N'2016-08-27 14:23:41.527', null)

INSERT INTO SWS_SYS_USRFN (USRCD, FNCD, LMT, NT) VALUES (N'U50010200004', N'IMS000008', N'2016-08-27 14:23:41.527', null)

INSERT INTO SWS_SYS_USRFN (USRCD, FNCD, LMT, NT) VALUES (N'U50010200004', N'IMS01', N'2016-08-27 14:23:41.527', null)

INSERT INTO SWS_SYS_USRFN (USRCD, FNCD, LMT, NT) VALUES (N'U50010200004', N'IMS02', N'2016-08-27 14:23:41.527', null)

INSERT INTO SWS_SYS_USRFN (USRCD, FNCD, LMT, NT) VALUES (N'U50010200004', N'IMS03', N'2016-08-27 14:23:41.527', null)

INSERT INTO SWS_SYS_USRFN (USRCD, FNCD, LMT, NT) VALUES (N'U50010200004', N'IMS04', N'2016-08-27 14:23:41.527', null)

INSERT INTO SWS_SYS_USRFN (USRCD, FNCD, LMT, NT) VALUES (N'U50010200004', N'IMS05', N'2016-08-27 14:23:41.527', null)

INSERT INTO SWS_SYS_USRFN (USRCD, FNCD, LMT, NT) VALUES (N'U50010200004', N'IMS0501', N'2016-08-27 14:23:41.527', null)

INSERT INTO SWS_SYS_USRFN (USRCD, FNCD, LMT, NT) VALUES (N'U50010200004', N'IMS0503', N'2016-08-27 14:23:41.527', null)

INSERT INTO SWS_SYS_USRFN (USRCD, FNCD, LMT, NT) VALUES (N'U50010400002', N'IMS01', N'2016-08-27 14:10:34.483', null)

INSERT INTO SWS_SYS_USRFN (USRCD, FNCD, LMT, NT) VALUES (N'U50010400002', N'IMS02', N'2016-08-27 14:10:34.483', null)

INSERT INTO SWS_SYS_USRFN (USRCD, FNCD, LMT, NT) VALUES (N'U50010400002', N'IMS03', N'2016-08-27 14:10:34.483', null)

INSERT INTO SWS_SYS_USRFN (USRCD, FNCD, LMT, NT) VALUES (N'U50010400002', N'IMS04', N'2016-08-27 14:10:34.483', null)

INSERT INTO SWS_SYS_USRFN (USRCD, FNCD, LMT, NT) VALUES (N'U50010500002', N'IMS01', N'2016-08-27 14:10:34.483', null)

INSERT INTO SWS_SYS_USRFN (USRCD, FNCD, LMT, NT) VALUES (N'U50010500002', N'IMS02', N'2016-08-27 14:10:34.483', null)

INSERT INTO SWS_SYS_USRFN (USRCD, FNCD, LMT, NT) VALUES (N'U50010500002', N'IMS03', N'2016-08-27 14:10:34.483', null)

INSERT INTO SWS_SYS_USRFN (USRCD, FNCD, LMT, NT) VALUES (N'U50010500002', N'IMS04', N'2016-08-27 14:10:34.483', null)


INSERT INTO SWS_SYS_USRPRVENT (USRCD, PRVENTCD, SQL, LMT) VALUES (N'U50000000002', N'RSR0', N'
select rscd from wrp_rsr_bsin where addvcd like ''50%''
', N'2016-08-27 15:18:50.700')

INSERT INTO SWS_SYS_USRPRVENT (USRCD, PRVENTCD, SQL, LMT) VALUES (N'U50000000002', N'USR', N'select cd from sws_sys_usr where addvcd like ''50%''', N'2016-08-27 15:18:50.700')

INSERT INTO SWS_SYS_USRPRVENT (USRCD, PRVENTCD, SQL, LMT) VALUES (N'U50010100001', N'RSR1', N'
select wrpcd from sws_sys_usrwrp where usrcd = ''U50010100001'' and wrp = ''RSR''
', N'2016-08-27 17:47:00.540')

INSERT INTO SWS_SYS_USRPRVENT (USRCD, PRVENTCD, SQL, LMT) VALUES (N'U50010100001', N'USR', N'select cd from sws_sys_usr where addvcd like ''500101%''', N'2016-08-27 17:47:00.540')

INSERT INTO SWS_SYS_USRPRVENT (USRCD, PRVENTCD, SQL, LMT) VALUES (N'U50010200003', N'RSR0', N'
select rscd from wrp_rsr_bsin where addvcd like ''500102%''
', N'2016-08-27 17:29:34.280')

INSERT INTO SWS_SYS_USRPRVENT (USRCD, PRVENTCD, SQL, LMT) VALUES (N'U50010200003', N'USR', N'select cd from sws_sys_usr where addvcd like ''500102%''', N'2016-08-27 17:29:34.280')

INSERT INTO SWS_SYS_USRPRVENT (USRCD, PRVENTCD, SQL, LMT) VALUES (N'U50010200004', N'RSR0', N'
select rscd from wrp_rsr_bsin where addvcd like ''500102%''
', N'2016-08-27 14:23:41.533')

INSERT INTO SWS_SYS_USRPRVENT (USRCD, PRVENTCD, SQL, LMT) VALUES (N'U50010200004', N'USR', N'select cd from sws_sys_usr where addvcd like ''500102%''', N'2016-08-27 14:23:41.533')

INSERT INTO SWS_SYS_USRRLE (USRCD, RLECD, LMT) VALUES (N'U50000000001', N'R001', N'2016-08-27 14:10:34.473')

INSERT INTO SWS_SYS_USRRLE (USRCD, RLECD, LMT) VALUES (N'U50000000002', N'R004', N'2016-08-27 14:30:04.730')

INSERT INTO SWS_SYS_USRRLE (USRCD, RLECD, LMT) VALUES (N'U50010100001', N'R004', N'2016-08-27 14:10:34.473')

INSERT INTO SWS_SYS_USRRLE (USRCD, RLECD, LMT) VALUES (N'U50010200001', N'R004', N'2016-08-27 14:10:34.473')

INSERT INTO SWS_SYS_USRRLE (USRCD, RLECD, LMT) VALUES (N'U50010200002', N'R003', N'2016-08-27 14:10:34.473')

INSERT INTO SWS_SYS_USRRLE (USRCD, RLECD, LMT) VALUES (N'U50010200002', N'R004', N'2016-08-27 14:11:44.300')

INSERT INTO SWS_SYS_USRRLE (USRCD, RLECD, LMT) VALUES (N'U50010200003', N'R003', N'2016-08-27 17:29:34.100')

INSERT INTO SWS_SYS_USRRLE (USRCD, RLECD, LMT) VALUES (N'U50010200003', N'R004', N'2016-08-27 14:23:41.217')

INSERT INTO SWS_SYS_USRRLE (USRCD, RLECD, LMT) VALUES (N'U50010200004', N'R004', N'2016-08-27 14:23:41.527')

INSERT INTO SWS_SYS_USRRLE (USRCD, RLECD, LMT) VALUES (N'U50010400002', N'R003', N'2016-08-27 14:10:34.473')

INSERT INTO SWS_SYS_USRRLE (USRCD, RLECD, LMT) VALUES (N'U50010500002', N'R003', N'2016-08-27 14:10:34.473')
