INSERT INTO [SWS_INSP_PRG] ([CD], [NM], [WRP], [WRPCD], [TP], [CTM], [CUSR], [STS], [LMT]) VALUES ('RSR50010240002R', '日常巡检计划', 'RSR', '50010240002', 'R', '2016-08-30 17:10:46.000', NULL, 'D', '2016-08-30 17:10:54.563');
INSERT INTO [SWS_INSP_PRG] ([CD], [NM], [WRP], [WRPCD], [TP], [CTM], [CUSR], [STS], [LMT]) VALUES ('RSR50010240002S', '日常巡检计划', 'RSR', '50010240002', 'S', '2016-08-31 11:40:23.000', NULL, 'D', '2016-08-31 11:40:43.863');
INSERT INTO [SWS_INSP_PRG] ([CD], [NM], [WRP], [WRPCD], [TP], [CTM], [CUSR], [STS], [LMT]) VALUES ('RSR50010240002Y', '日常巡检计划', 'RSR', '50010240002', 'Y', '2016-08-31 11:40:51.000', NULL, 'D', '2016-08-31 11:41:14.280');

INSERT INTO [SWS_INSP_PRG_FREQ] ([PRGCD], [STMON], [STDAY], [ENMON], [ENDAY], [CNT], [BAS], [PRD]) VALUES ('RSR50010240002R', '1', '1', '12', '31', '1', '1', 'D');
INSERT INTO [SWS_INSP_PRG_FREQ] ([PRGCD], [STMON], [STDAY], [ENMON], [ENDAY], [CNT], [BAS], [PRD]) VALUES ('RSR50010240002S', '1', '1', '12', '31', '1', '1', 'D');
INSERT INTO [SWS_INSP_PRG_FREQ] ([PRGCD], [STMON], [STDAY], [ENMON], [ENDAY], [CNT], [BAS], [PRD]) VALUES ('RSR50010240002Y', '1', '1', '12', '31', '1', '1', 'D');

INSERT INTO [SWS_INSP_INST] ([PRGCD], [SUBPRGNM], [WRPBLDTP], [WRPBLDCD], [PRTCD], [ITMCD], [ORD], [SGN], [LNG], [LAT]) VALUES ('RSR50010240002R', NULL, NULL, NULL, '01', NULL, '1', 'N', NULL, NULL);
INSERT INTO [SWS_INSP_INST] ([PRGCD], [SUBPRGNM], [WRPBLDTP], [WRPBLDCD], [PRTCD], [ITMCD], [ORD], [SGN], [LNG], [LAT]) VALUES ('RSR50010240002R', NULL, NULL, NULL, '0101', NULL, '2', 'Y', NULL, NULL);
INSERT INTO [SWS_INSP_INST] ([PRGCD], [SUBPRGNM], [WRPBLDTP], [WRPBLDCD], [PRTCD], [ITMCD], [ORD], [SGN], [LNG], [LAT]) VALUES ('RSR50010240002R', NULL, NULL, NULL, '0102', NULL, '3', 'N', NULL, NULL);
INSERT INTO [SWS_INSP_INST] ([PRGCD], [SUBPRGNM], [WRPBLDTP], [WRPBLDCD], [PRTCD], [ITMCD], [ORD], [SGN], [LNG], [LAT]) VALUES ('RSR50010240002R', NULL, NULL, NULL, '0103', NULL, '4', 'N', NULL, NULL);
INSERT INTO [SWS_INSP_INST] ([PRGCD], [SUBPRGNM], [WRPBLDTP], [WRPBLDCD], [PRTCD], [ITMCD], [ORD], [SGN], [LNG], [LAT]) VALUES ('RSR50010240002R', NULL, NULL, NULL, '0104', NULL, '5', 'N', NULL, NULL);
INSERT INTO [SWS_INSP_INST] ([PRGCD], [SUBPRGNM], [WRPBLDTP], [WRPBLDCD], [PRTCD], [ITMCD], [ORD], [SGN], [LNG], [LAT]) VALUES ('RSR50010240002R', NULL, NULL, NULL, '0105', NULL, '6', 'N', NULL, NULL);
INSERT INTO [SWS_INSP_INST] ([PRGCD], [SUBPRGNM], [WRPBLDTP], [WRPBLDCD], [PRTCD], [ITMCD], [ORD], [SGN], [LNG], [LAT]) VALUES ('RSR50010240002R', NULL, NULL, NULL, '0106', NULL, '7', 'N', NULL, NULL);
INSERT INTO [SWS_INSP_INST] ([PRGCD], [SUBPRGNM], [WRPBLDTP], [WRPBLDCD], [PRTCD], [ITMCD], [ORD], [SGN], [LNG], [LAT]) VALUES ('RSR50010240002R', NULL, NULL, NULL, '0107', NULL, '8', 'N', NULL, NULL);
INSERT INTO [SWS_INSP_INST] ([PRGCD], [SUBPRGNM], [WRPBLDTP], [WRPBLDCD], [PRTCD], [ITMCD], [ORD], [SGN], [LNG], [LAT]) VALUES ('RSR50010240002R', NULL, NULL, NULL, '02', NULL, '9', 'N', NULL, NULL);
INSERT INTO [SWS_INSP_INST] ([PRGCD], [SUBPRGNM], [WRPBLDTP], [WRPBLDCD], [PRTCD], [ITMCD], [ORD], [SGN], [LNG], [LAT]) VALUES ('RSR50010240002R', NULL, NULL, NULL, '0201', NULL, '10', 'N', NULL, NULL);
INSERT INTO [SWS_INSP_INST] ([PRGCD], [SUBPRGNM], [WRPBLDTP], [WRPBLDCD], [PRTCD], [ITMCD], [ORD], [SGN], [LNG], [LAT]) VALUES ('RSR50010240002R', NULL, NULL, NULL, '0202', NULL, '11', 'Y', NULL, NULL);
INSERT INTO [SWS_INSP_INST] ([PRGCD], [SUBPRGNM], [WRPBLDTP], [WRPBLDCD], [PRTCD], [ITMCD], [ORD], [SGN], [LNG], [LAT]) VALUES ('RSR50010240002R', NULL, NULL, NULL, '0203', NULL, '12', 'N', NULL, NULL);
INSERT INTO [SWS_INSP_INST] ([PRGCD], [SUBPRGNM], [WRPBLDTP], [WRPBLDCD], [PRTCD], [ITMCD], [ORD], [SGN], [LNG], [LAT]) VALUES ('RSR50010240002R', NULL, NULL, NULL, '0204', NULL, '13', 'N', NULL, NULL);
INSERT INTO [SWS_INSP_INST] ([PRGCD], [SUBPRGNM], [WRPBLDTP], [WRPBLDCD], [PRTCD], [ITMCD], [ORD], [SGN], [LNG], [LAT]) VALUES ('RSR50010240002R', NULL, NULL, NULL, '0205', NULL, '14', 'N', NULL, NULL);
INSERT INTO [SWS_INSP_INST] ([PRGCD], [SUBPRGNM], [WRPBLDTP], [WRPBLDCD], [PRTCD], [ITMCD], [ORD], [SGN], [LNG], [LAT]) VALUES ('RSR50010240002R', NULL, NULL, NULL, '0206', NULL, '15', 'N', NULL, NULL);
INSERT INTO [SWS_INSP_INST] ([PRGCD], [SUBPRGNM], [WRPBLDTP], [WRPBLDCD], [PRTCD], [ITMCD], [ORD], [SGN], [LNG], [LAT]) VALUES ('RSR50010240002R', NULL, NULL, NULL, '03', NULL, '16', 'N', NULL, NULL);
INSERT INTO [SWS_INSP_INST] ([PRGCD], [SUBPRGNM], [WRPBLDTP], [WRPBLDCD], [PRTCD], [ITMCD], [ORD], [SGN], [LNG], [LAT]) VALUES ('RSR50010240002R', NULL, NULL, NULL, '0301', NULL, '17', 'N', NULL, NULL);
INSERT INTO [SWS_INSP_INST] ([PRGCD], [SUBPRGNM], [WRPBLDTP], [WRPBLDCD], [PRTCD], [ITMCD], [ORD], [SGN], [LNG], [LAT]) VALUES ('RSR50010240002R', NULL, NULL, NULL, '0302', NULL, '18', 'Y', NULL, NULL);
INSERT INTO [SWS_INSP_INST] ([PRGCD], [SUBPRGNM], [WRPBLDTP], [WRPBLDCD], [PRTCD], [ITMCD], [ORD], [SGN], [LNG], [LAT]) VALUES ('RSR50010240002R', NULL, NULL, NULL, '0303', NULL, '19', 'N', NULL, NULL);
INSERT INTO [SWS_INSP_INST] ([PRGCD], [SUBPRGNM], [WRPBLDTP], [WRPBLDCD], [PRTCD], [ITMCD], [ORD], [SGN], [LNG], [LAT]) VALUES ('RSR50010240002R', NULL, NULL, NULL, '0304', NULL, '20', 'N', NULL, NULL);
INSERT INTO [SWS_INSP_INST] ([PRGCD], [SUBPRGNM], [WRPBLDTP], [WRPBLDCD], [PRTCD], [ITMCD], [ORD], [SGN], [LNG], [LAT]) VALUES ('RSR50010240002R', NULL, NULL, NULL, '0305', NULL, '21', 'N', NULL, NULL);
INSERT INTO [SWS_INSP_INST] ([PRGCD], [SUBPRGNM], [WRPBLDTP], [WRPBLDCD], [PRTCD], [ITMCD], [ORD], [SGN], [LNG], [LAT]) VALUES ('RSR50010240002R', NULL, NULL, NULL, '0306', NULL, '22', 'N', NULL, NULL);
INSERT INTO [SWS_INSP_INST] ([PRGCD], [SUBPRGNM], [WRPBLDTP], [WRPBLDCD], [PRTCD], [ITMCD], [ORD], [SGN], [LNG], [LAT]) VALUES ('RSR50010240002R', NULL, NULL, NULL, '0307', NULL, '23', 'N', NULL, NULL);
INSERT INTO [SWS_INSP_INST] ([PRGCD], [SUBPRGNM], [WRPBLDTP], [WRPBLDCD], [PRTCD], [ITMCD], [ORD], [SGN], [LNG], [LAT]) VALUES ('RSR50010240002R', NULL, NULL, NULL, '0308', NULL, '24', 'N', NULL, NULL);
INSERT INTO [SWS_INSP_INST] ([PRGCD], [SUBPRGNM], [WRPBLDTP], [WRPBLDCD], [PRTCD], [ITMCD], [ORD], [SGN], [LNG], [LAT]) VALUES ('RSR50010240002R', NULL, NULL, NULL, '04', NULL, '25', 'N', NULL, NULL);
INSERT INTO [SWS_INSP_INST] ([PRGCD], [SUBPRGNM], [WRPBLDTP], [WRPBLDCD], [PRTCD], [ITMCD], [ORD], [SGN], [LNG], [LAT]) VALUES ('RSR50010240002R', NULL, NULL, NULL, '0401', NULL, '26', 'N', NULL, NULL);
INSERT INTO [SWS_INSP_INST] ([PRGCD], [SUBPRGNM], [WRPBLDTP], [WRPBLDCD], [PRTCD], [ITMCD], [ORD], [SGN], [LNG], [LAT]) VALUES ('RSR50010240002R', NULL, NULL, NULL, '05', NULL, '27', 'N', NULL, NULL);
INSERT INTO [SWS_INSP_INST] ([PRGCD], [SUBPRGNM], [WRPBLDTP], [WRPBLDCD], [PRTCD], [ITMCD], [ORD], [SGN], [LNG], [LAT]) VALUES ('RSR50010240002R', NULL, NULL, NULL, '0501', NULL, '28', 'N', NULL, NULL);
INSERT INTO [SWS_INSP_INST] ([PRGCD], [SUBPRGNM], [WRPBLDTP], [WRPBLDCD], [PRTCD], [ITMCD], [ORD], [SGN], [LNG], [LAT]) VALUES ('RSR50010240002R', NULL, NULL, NULL, '0502', NULL, '29', 'N', NULL, NULL);
INSERT INTO [SWS_INSP_INST] ([PRGCD], [SUBPRGNM], [WRPBLDTP], [WRPBLDCD], [PRTCD], [ITMCD], [ORD], [SGN], [LNG], [LAT]) VALUES ('RSR50010240002R', NULL, NULL, NULL, '0503', NULL, '30', 'N', NULL, NULL);
INSERT INTO [SWS_INSP_INST] ([PRGCD], [SUBPRGNM], [WRPBLDTP], [WRPBLDCD], [PRTCD], [ITMCD], [ORD], [SGN], [LNG], [LAT]) VALUES ('RSR50010240002R', NULL, NULL, NULL, '0504', NULL, '31', 'N', NULL, NULL);
INSERT INTO [SWS_INSP_INST] ([PRGCD], [SUBPRGNM], [WRPBLDTP], [WRPBLDCD], [PRTCD], [ITMCD], [ORD], [SGN], [LNG], [LAT]) VALUES ('RSR50010240002R', NULL, NULL, NULL, '06', NULL, '32', 'N', NULL, NULL);
INSERT INTO [SWS_INSP_INST] ([PRGCD], [SUBPRGNM], [WRPBLDTP], [WRPBLDCD], [PRTCD], [ITMCD], [ORD], [SGN], [LNG], [LAT]) VALUES ('RSR50010240002R', NULL, NULL, NULL, '0601', NULL, '33', 'N', NULL, NULL);
INSERT INTO [SWS_INSP_INST] ([PRGCD], [SUBPRGNM], [WRPBLDTP], [WRPBLDCD], [PRTCD], [ITMCD], [ORD], [SGN], [LNG], [LAT]) VALUES ('RSR50010240002S', NULL, NULL, NULL, '01', NULL, '1', 'N', NULL, NULL);
INSERT INTO [SWS_INSP_INST] ([PRGCD], [SUBPRGNM], [WRPBLDTP], [WRPBLDCD], [PRTCD], [ITMCD], [ORD], [SGN], [LNG], [LAT]) VALUES ('RSR50010240002S', NULL, NULL, NULL, '0101', NULL, '2', 'N', NULL, NULL);
INSERT INTO [SWS_INSP_INST] ([PRGCD], [SUBPRGNM], [WRPBLDTP], [WRPBLDCD], [PRTCD], [ITMCD], [ORD], [SGN], [LNG], [LAT]) VALUES ('RSR50010240002S', NULL, NULL, NULL, '0102', NULL, '3', 'Y', NULL, NULL);
INSERT INTO [SWS_INSP_INST] ([PRGCD], [SUBPRGNM], [WRPBLDTP], [WRPBLDCD], [PRTCD], [ITMCD], [ORD], [SGN], [LNG], [LAT]) VALUES ('RSR50010240002S', NULL, NULL, NULL, '0103', NULL, '4', 'N', NULL, NULL);
INSERT INTO [SWS_INSP_INST] ([PRGCD], [SUBPRGNM], [WRPBLDTP], [WRPBLDCD], [PRTCD], [ITMCD], [ORD], [SGN], [LNG], [LAT]) VALUES ('RSR50010240002S', NULL, NULL, NULL, '0104', NULL, '5', 'N', NULL, NULL);
INSERT INTO [SWS_INSP_INST] ([PRGCD], [SUBPRGNM], [WRPBLDTP], [WRPBLDCD], [PRTCD], [ITMCD], [ORD], [SGN], [LNG], [LAT]) VALUES ('RSR50010240002S', NULL, NULL, NULL, '0105', NULL, '6', 'N', NULL, NULL);
INSERT INTO [SWS_INSP_INST] ([PRGCD], [SUBPRGNM], [WRPBLDTP], [WRPBLDCD], [PRTCD], [ITMCD], [ORD], [SGN], [LNG], [LAT]) VALUES ('RSR50010240002S', NULL, NULL, NULL, '0106', NULL, '7', 'N', NULL, NULL);
INSERT INTO [SWS_INSP_INST] ([PRGCD], [SUBPRGNM], [WRPBLDTP], [WRPBLDCD], [PRTCD], [ITMCD], [ORD], [SGN], [LNG], [LAT]) VALUES ('RSR50010240002S', NULL, NULL, NULL, '0107', NULL, '8', 'N', NULL, NULL);
INSERT INTO [SWS_INSP_INST] ([PRGCD], [SUBPRGNM], [WRPBLDTP], [WRPBLDCD], [PRTCD], [ITMCD], [ORD], [SGN], [LNG], [LAT]) VALUES ('RSR50010240002S', NULL, NULL, NULL, '02', NULL, '9', 'N', NULL, NULL);
INSERT INTO [SWS_INSP_INST] ([PRGCD], [SUBPRGNM], [WRPBLDTP], [WRPBLDCD], [PRTCD], [ITMCD], [ORD], [SGN], [LNG], [LAT]) VALUES ('RSR50010240002S', NULL, NULL, NULL, '0201', NULL, '10', 'N', NULL, NULL);
INSERT INTO [SWS_INSP_INST] ([PRGCD], [SUBPRGNM], [WRPBLDTP], [WRPBLDCD], [PRTCD], [ITMCD], [ORD], [SGN], [LNG], [LAT]) VALUES ('RSR50010240002S', NULL, NULL, NULL, '0202', NULL, '11', 'N', NULL, NULL);
INSERT INTO [SWS_INSP_INST] ([PRGCD], [SUBPRGNM], [WRPBLDTP], [WRPBLDCD], [PRTCD], [ITMCD], [ORD], [SGN], [LNG], [LAT]) VALUES ('RSR50010240002S', NULL, NULL, NULL, '0203', NULL, '12', 'N', NULL, NULL);
INSERT INTO [SWS_INSP_INST] ([PRGCD], [SUBPRGNM], [WRPBLDTP], [WRPBLDCD], [PRTCD], [ITMCD], [ORD], [SGN], [LNG], [LAT]) VALUES ('RSR50010240002S', NULL, NULL, NULL, '0204', NULL, '13', 'N', NULL, NULL);
INSERT INTO [SWS_INSP_INST] ([PRGCD], [SUBPRGNM], [WRPBLDTP], [WRPBLDCD], [PRTCD], [ITMCD], [ORD], [SGN], [LNG], [LAT]) VALUES ('RSR50010240002S', NULL, NULL, NULL, '0205', NULL, '14', 'N', NULL, NULL);
INSERT INTO [SWS_INSP_INST] ([PRGCD], [SUBPRGNM], [WRPBLDTP], [WRPBLDCD], [PRTCD], [ITMCD], [ORD], [SGN], [LNG], [LAT]) VALUES ('RSR50010240002S', NULL, NULL, NULL, '0206', NULL, '15', 'N', NULL, NULL);
INSERT INTO [SWS_INSP_INST] ([PRGCD], [SUBPRGNM], [WRPBLDTP], [WRPBLDCD], [PRTCD], [ITMCD], [ORD], [SGN], [LNG], [LAT]) VALUES ('RSR50010240002S', NULL, NULL, NULL, '03', NULL, '16', 'N', NULL, NULL);
INSERT INTO [SWS_INSP_INST] ([PRGCD], [SUBPRGNM], [WRPBLDTP], [WRPBLDCD], [PRTCD], [ITMCD], [ORD], [SGN], [LNG], [LAT]) VALUES ('RSR50010240002S', NULL, NULL, NULL, '0301', NULL, '17', 'N', NULL, NULL);
INSERT INTO [SWS_INSP_INST] ([PRGCD], [SUBPRGNM], [WRPBLDTP], [WRPBLDCD], [PRTCD], [ITMCD], [ORD], [SGN], [LNG], [LAT]) VALUES ('RSR50010240002S', NULL, NULL, NULL, '0302', NULL, '18', 'N', NULL, NULL);
INSERT INTO [SWS_INSP_INST] ([PRGCD], [SUBPRGNM], [WRPBLDTP], [WRPBLDCD], [PRTCD], [ITMCD], [ORD], [SGN], [LNG], [LAT]) VALUES ('RSR50010240002S', NULL, NULL, NULL, '0303', NULL, '19', 'N', NULL, NULL);
INSERT INTO [SWS_INSP_INST] ([PRGCD], [SUBPRGNM], [WRPBLDTP], [WRPBLDCD], [PRTCD], [ITMCD], [ORD], [SGN], [LNG], [LAT]) VALUES ('RSR50010240002S', NULL, NULL, NULL, '0304', NULL, '20', 'N', NULL, NULL);
INSERT INTO [SWS_INSP_INST] ([PRGCD], [SUBPRGNM], [WRPBLDTP], [WRPBLDCD], [PRTCD], [ITMCD], [ORD], [SGN], [LNG], [LAT]) VALUES ('RSR50010240002S', NULL, NULL, NULL, '0305', NULL, '21', 'N', NULL, NULL);
INSERT INTO [SWS_INSP_INST] ([PRGCD], [SUBPRGNM], [WRPBLDTP], [WRPBLDCD], [PRTCD], [ITMCD], [ORD], [SGN], [LNG], [LAT]) VALUES ('RSR50010240002S', NULL, NULL, NULL, '0306', NULL, '22', 'N', NULL, NULL);
INSERT INTO [SWS_INSP_INST] ([PRGCD], [SUBPRGNM], [WRPBLDTP], [WRPBLDCD], [PRTCD], [ITMCD], [ORD], [SGN], [LNG], [LAT]) VALUES ('RSR50010240002S', NULL, NULL, NULL, '0307', NULL, '23', 'N', NULL, NULL);
INSERT INTO [SWS_INSP_INST] ([PRGCD], [SUBPRGNM], [WRPBLDTP], [WRPBLDCD], [PRTCD], [ITMCD], [ORD], [SGN], [LNG], [LAT]) VALUES ('RSR50010240002S', NULL, NULL, NULL, '0308', NULL, '24', 'N', NULL, NULL);
INSERT INTO [SWS_INSP_INST] ([PRGCD], [SUBPRGNM], [WRPBLDTP], [WRPBLDCD], [PRTCD], [ITMCD], [ORD], [SGN], [LNG], [LAT]) VALUES ('RSR50010240002Y', NULL, NULL, NULL, '01', NULL, '1', 'N', NULL, NULL);
INSERT INTO [SWS_INSP_INST] ([PRGCD], [SUBPRGNM], [WRPBLDTP], [WRPBLDCD], [PRTCD], [ITMCD], [ORD], [SGN], [LNG], [LAT]) VALUES ('RSR50010240002Y', NULL, NULL, NULL, '0101', NULL, '2', 'N', NULL, NULL);
INSERT INTO [SWS_INSP_INST] ([PRGCD], [SUBPRGNM], [WRPBLDTP], [WRPBLDCD], [PRTCD], [ITMCD], [ORD], [SGN], [LNG], [LAT]) VALUES ('RSR50010240002Y', NULL, NULL, NULL, '0102', NULL, '3', 'N', NULL, NULL);
INSERT INTO [SWS_INSP_INST] ([PRGCD], [SUBPRGNM], [WRPBLDTP], [WRPBLDCD], [PRTCD], [ITMCD], [ORD], [SGN], [LNG], [LAT]) VALUES ('RSR50010240002Y', NULL, NULL, NULL, '0103', NULL, '4', 'N', NULL, NULL);
INSERT INTO [SWS_INSP_INST] ([PRGCD], [SUBPRGNM], [WRPBLDTP], [WRPBLDCD], [PRTCD], [ITMCD], [ORD], [SGN], [LNG], [LAT]) VALUES ('RSR50010240002Y', NULL, NULL, NULL, '0104', NULL, '5', 'N', NULL, NULL);
INSERT INTO [SWS_INSP_INST] ([PRGCD], [SUBPRGNM], [WRPBLDTP], [WRPBLDCD], [PRTCD], [ITMCD], [ORD], [SGN], [LNG], [LAT]) VALUES ('RSR50010240002Y', NULL, NULL, NULL, '0105', NULL, '6', 'N', NULL, NULL);
INSERT INTO [SWS_INSP_INST] ([PRGCD], [SUBPRGNM], [WRPBLDTP], [WRPBLDCD], [PRTCD], [ITMCD], [ORD], [SGN], [LNG], [LAT]) VALUES ('RSR50010240002Y', NULL, NULL, NULL, '0106', NULL, '7', 'N', NULL, NULL);
INSERT INTO [SWS_INSP_INST] ([PRGCD], [SUBPRGNM], [WRPBLDTP], [WRPBLDCD], [PRTCD], [ITMCD], [ORD], [SGN], [LNG], [LAT]) VALUES ('RSR50010240002Y', NULL, NULL, NULL, '0107', NULL, '8', 'N', NULL, NULL);
INSERT INTO [SWS_INSP_INST] ([PRGCD], [SUBPRGNM], [WRPBLDTP], [WRPBLDCD], [PRTCD], [ITMCD], [ORD], [SGN], [LNG], [LAT]) VALUES ('RSR50010240002Y', NULL, NULL, NULL, '02', NULL, '9', 'N', NULL, NULL);
INSERT INTO [SWS_INSP_INST] ([PRGCD], [SUBPRGNM], [WRPBLDTP], [WRPBLDCD], [PRTCD], [ITMCD], [ORD], [SGN], [LNG], [LAT]) VALUES ('RSR50010240002Y', NULL, NULL, NULL, '0201', NULL, '10', 'N', NULL, NULL);
INSERT INTO [SWS_INSP_INST] ([PRGCD], [SUBPRGNM], [WRPBLDTP], [WRPBLDCD], [PRTCD], [ITMCD], [ORD], [SGN], [LNG], [LAT]) VALUES ('RSR50010240002Y', NULL, NULL, NULL, '0202', NULL, '11', 'N', NULL, NULL);
INSERT INTO [SWS_INSP_INST] ([PRGCD], [SUBPRGNM], [WRPBLDTP], [WRPBLDCD], [PRTCD], [ITMCD], [ORD], [SGN], [LNG], [LAT]) VALUES ('RSR50010240002Y', NULL, NULL, NULL, '0203', NULL, '12', 'Y', NULL, NULL);
INSERT INTO [SWS_INSP_INST] ([PRGCD], [SUBPRGNM], [WRPBLDTP], [WRPBLDCD], [PRTCD], [ITMCD], [ORD], [SGN], [LNG], [LAT]) VALUES ('RSR50010240002Y', NULL, NULL, NULL, '0204', NULL, '13', 'N', NULL, NULL);
INSERT INTO [SWS_INSP_INST] ([PRGCD], [SUBPRGNM], [WRPBLDTP], [WRPBLDCD], [PRTCD], [ITMCD], [ORD], [SGN], [LNG], [LAT]) VALUES ('RSR50010240002Y', NULL, NULL, NULL, '0205', NULL, '14', 'N', NULL, NULL);
INSERT INTO [SWS_INSP_INST] ([PRGCD], [SUBPRGNM], [WRPBLDTP], [WRPBLDCD], [PRTCD], [ITMCD], [ORD], [SGN], [LNG], [LAT]) VALUES ('RSR50010240002Y', NULL, NULL, NULL, '0206', NULL, '15', 'N', NULL, NULL);

INSERT INTO SWS_INSP_MCH_UPT VALUES ('RSR', '50010240002', GETDATE());
